{
  "accuracy": 0.7705,
  "recall": 0.7879,
  "roc_auc": 0.8506,
  "classification_report": {
    "0": {
      "precision": 0.75,
      "recall": 0.75,
      "f1-score": 0.75,
      "support": 28.0
    },
    "1": {
      "precision": 0.7878787878787878,
      "recall": 0.7878787878787878,
      "f1-score": 0.7878787878787878,
      "support": 33.0
    },
    "accuracy": 0.7704918032786885,
    "macro avg": {
      "precision": 0.7689393939393939,
      "recall": 0.7689393939393939,
      "f1-score": 0.7689393939393939,
      "support": 61.0
    },
    "weighted avg": {
      "precision": 0.7704918032786885,
      "recall": 0.7704918032786885,
      "f1-score": 0.7704918032786885,
      "support": 61.0
    }
  }
}